{"cameraMode":{"drawMode":0,"name":"Shaded","section":"Shading Mode"},"sceneLighting":true,"audioPlay":false,"sceneViewState":{"showFog":true,"showMaterialUpdate":false,"showSkybox":true,"showFlares":true,"showImageEffects":true,"showParticleSystems":true},"in2DMode":false,"pivot":{"x":55.133182525634769,"y":3.9594879150390627,"z":-59.67946243286133},"rotation":{"x":-0.5386305451393127,"y":-0.0007604092243127525,"z":0.0004868978576269001,"w":-0.8425443172454834},"size":27.43840217590332,"orthographic":false}