{"cameraMode":{"drawMode":0,"name":"Shaded","section":"Shading Mode"},"sceneLighting":true,"audioPlay":false,"sceneViewState":{"showFog":true,"showMaterialUpdate":false,"showSkybox":true,"showFlares":true,"showImageEffects":true,"showParticleSystems":true},"in2DMode":false,"pivot":{"x":75.4085693359375,"y":-28.48647689819336,"z":-36.231964111328128},"rotation":{"x":0.4850335419178009,"y":-0.0026296554133296015,"z":0.0014433409087359906,"w":0.8745052218437195},"size":51.00775909423828,"orthographic":false}