{"cameraMode":{"drawMode":0,"name":"Shaded","section":"Shading Mode"},"sceneLighting":false,"audioPlay":false,"sceneViewState":{"showFog":true,"showMaterialUpdate":false,"showSkybox":false,"showFlares":true,"showImageEffects":true,"showParticleSystems":true},"in2DMode":false,"pivot":{"x":-14.037443161010743,"y":3.3818087577819826,"z":0.22066867351531983},"rotation":{"x":0.47185876965522768,"y":-0.0013225455768406392,"z":0.0007076003821566701,"w":0.8816747665405273},"size":4.251190185546875,"orthographic":false}