{"cameraMode":{"drawMode":0,"name":"Shaded","section":"Shading Mode"},"sceneLighting":false,"audioPlay":false,"sceneViewState":{"showFog":true,"showMaterialUpdate":false,"showSkybox":false,"showFlares":true,"showImageEffects":true,"showParticleSystems":true},"in2DMode":false,"pivot":{"x":0.0000011920928955078126,"y":3.4128801822662355,"z":-0.013292312622070313},"rotation":{"x":0.3319344222545624,"y":-0.01556785311549902,"z":0.005464713554829359,"w":0.9431714415550232},"size":5.065018177032471,"orthographic":false}