{"cameraMode":{"drawMode":0,"name":"Shaded","section":"Shading Mode"},"sceneLighting":true,"audioPlay":false,"sceneViewState":{"showFog":true,"showMaterialUpdate":false,"showSkybox":true,"showFlares":true,"showImageEffects":true,"showParticleSystems":true},"in2DMode":false,"pivot":{"x":50.00210189819336,"y":4.727138519287109,"z":-63.71646499633789},"rotation":{"x":-0.41681769490242007,"y":-0.09191622585058212,"z":0.042411960661411288,"w":-0.9033373594284058},"size":25.660505294799806,"orthographic":false}