{"cameraMode":{"drawMode":0,"name":"Shaded","section":"Shading Mode"},"sceneLighting":true,"audioPlay":false,"sceneViewState":{"showFog":true,"showMaterialUpdate":false,"showSkybox":true,"showFlares":true,"showImageEffects":true,"showParticleSystems":true},"in2DMode":false,"pivot":{"x":5.446907997131348,"y":26.35551643371582,"z":-28.665300369262697},"rotation":{"x":-0.41681769490242007,"y":-0.09191622585058212,"z":0.042411960661411288,"w":-0.9033373594284058},"size":-0.7528723478317261,"orthographic":false}